City_ID,City,Country,Lat,Long,Temp (F),Humidity,Cloudiness,Wind Speed,Date
1,methoni,GR,36.82,21.7,82.4,51,40,13.87,1593087971
2,hermanus,ZA,-34.42,19.23,70.0,54,39,5.99,1593087972
3,jamestown,US,42.1,-79.24,60.8,77,20,5.82,1593087973
4,upernavik,GL,72.79,-56.15,35.87,91,100,3.18,1593087974
5,albany,US,42.6,-73.97,70.0,50,5,3.6,1593087888
6,mataura,NZ,-46.19,168.86,39.0,83,0,3.0,1593087976
7,khatanga,RU,71.97,102.5,80.78,36,49,9.44,1593087977
8,rikitea,PF,-23.12,-134.97,71.82,75,24,14.85,1593087978
9,busselton,AU,-33.65,115.33,54.0,88,60,8.86,1593087979
10,nikolskoye,RU,59.7,30.79,89.01,37,39,8.95,1593087980
11,careiro da varzea,BR,-3.2,-59.81,84.2,74,20,2.24,1593087981
12,sakakah,SA,29.97,40.21,98.6,7,0,10.29,1593087982
13,bandar,ID,2.05,99.75,79.86,78,51,3.85,1593087984
14,chuy,UY,-33.7,-53.46,53.65,89,100,19.28,1593087985
15,senno,RU,59.53,33.92,81.66,35,48,12.01,1593087986
16,mahebourg,MU,-20.41,57.7,75.2,64,40,14.99,1593087987
17,zhigansk,RU,66.77,123.37,73.8,41,0,3.02,1593087988
18,bluff,NZ,-46.6,168.33,39.0,83,0,3.0,1593087989
19,karratha,AU,-20.74,116.85,70.03,54,0,5.95,1593087990
20,aklavik,CA,68.22,-135.01,48.2,61,75,9.17,1593087991
21,klaksvik,FO,62.23,-6.59,55.4,82,75,11.41,1593087992
22,port-gentil,GA,-0.72,8.78,77.0,83,90,12.75,1593087993
23,yerbogachen,RU,61.28,108.01,72.09,54,37,2.28,1593087994
24,karakol,KG,42.49,78.39,69.8,24,4,5.66,1593087995
25,clyde river,CA,70.47,-68.59,46.4,81,1,3.36,1593087997
26,bilma,NE,18.69,12.92,110.91,6,0,14.34,1593087998
27,westport,US,41.14,-73.36,73.0,60,1,3.36,1593087999
28,rawson,AR,-43.3,-65.1,38.82,70,87,8.77,1593088000
29,chokurdakh,RU,70.63,147.92,71.35,47,14,10.2,1593088001
30,qaanaaq,GL,77.48,-69.36,36.95,80,0,0.47,1593088002
31,berga,NO,60.39,5.33,72.0,56,0,5.82,1593088003
32,talnakh,RU,69.49,88.4,69.8,40,59,13.42,1593088004
33,ushuaia,AR,-54.8,-68.3,33.8,96,75,17.22,1593088005
34,alta floresta,BR,-9.88,-56.09,75.74,70,32,3.42,1593088006
35,pangnirtung,CA,66.15,-65.71,42.8,81,90,3.36,1593088008
36,beloha,MG,-25.17,45.05,78.22,46,4,16.84,1593088009
37,vila velha,BR,-20.33,-40.29,75.99,77,69,4.7,1593087778
38,atuona,PF,-9.8,-139.03,79.65,73,6,16.55,1593088001
39,cidreira,BR,-30.18,-50.21,65.7,88,83,7.09,1593088012
40,malanje,AO,-9.54,16.34,85.44,16,0,5.86,1593088013
41,cape town,ZA,-33.93,18.42,69.01,63,40,21.92,1593087826
42,port hardy,CA,50.7,-127.42,49.69,86,83,6.51,1593088002
43,ust-tsilma,RU,65.44,52.15,46.24,86,100,8.52,1593088016
44,port alfred,ZA,-33.59,26.89,84.0,20,0,7.0,1593088017
45,wewak,PG,-3.55,143.63,81.81,82,83,11.61,1593088018
46,bubaque,GW,11.28,-15.83,80.55,71,95,5.3,1593088019
47,mikkeli,FI,61.69,27.27,84.99,42,0,1.99,1593088020
48,alofi,NU,-19.06,-169.92,73.4,94,69,4.7,1593088021
49,guane,CU,22.2,-84.09,79.81,89,21,6.58,1593088022
50,santiago del estero,AR,-27.8,-64.26,53.24,47,93,8.41,1593088024
51,fairbanks,US,64.84,-147.72,48.0,100,1,2.37,1593088011
52,saint george,US,37.1,-113.58,73.99,20,1,9.17,1593088026
53,mbandaka,CD,0.05,18.26,88.5,43,81,4.07,1593088027
54,tiksi,RU,71.69,128.87,50.4,73,11,4.72,1593087995
55,puerto ayora,EC,-0.74,-90.35,69.01,94,82,7.72,1593088029
56,la ronge,CA,55.1,-105.28,62.6,93,75,5.82,1593088030
57,nouakchott,MR,18.09,-15.98,86.0,55,0,14.99,1593087812
58,isangel,VU,-19.55,169.27,73.4,94,75,13.73,1593087995
59,griffith,US,41.53,-87.42,66.2,77,1,3.36,1593087854
60,ribeira grande,PT,38.52,-28.7,68.0,72,20,18.34,1593087995
61,gat,IL,31.61,34.76,84.99,52,0,1.99,1593088035
62,saint-jovite,CA,46.12,-74.6,64.4,68,75,11.41,1593088036
63,hambantota,LK,6.12,81.12,82.92,72,92,15.84,1593088037
64,punta arenas,CL,-53.15,-70.92,28.4,86,92,5.82,1593087876
65,baykit,RU,61.67,96.37,79.39,41,46,5.61,1593088039
66,qidong,CN,31.81,121.66,79.0,90,100,4.14,1593088040
67,tzucacab,MX,20.07,-89.05,73.58,97,74,1.77,1593088041
68,tsuruoka,JP,38.72,139.82,66.2,93,75,12.75,1593088042
69,kashi,CN,39.45,75.98,86.0,12,0,11.18,1593088043
70,mildura,AU,-34.2,142.15,50.0,76,12,3.36,1593088044
71,gidam,IN,18.98,81.4,86.4,70,55,4.88,1593088045
72,avarua,CK,-21.21,-159.78,66.2,82,98,2.24,1593088047
73,mount gambier,AU,-37.83,140.77,41.0,93,9,4.7,1593087996
74,steamboat springs,US,40.48,-106.83,53.6,75,1,3.67,1593087907
75,jalu,LY,29.03,21.55,95.31,17,0,9.13,1593088004
76,haverfordwest,GB,51.8,-4.97,71.6,73,61,8.05,1593088051
77,coihaique,CL,-45.58,-72.07,26.6,100,75,2.24,1593088052
78,vallenar,CL,-28.57,-70.76,56.28,42,100,1.68,1593088053
79,coquimbo,CL,-29.95,-71.34,46.4,87,86,9.17,1593088054
80,kailua,US,21.4,-157.74,77.0,73,75,3.36,1593088055
81,sterling,US,39.01,-77.43,72.0,73,40,3.8,1593088056
82,tripoli,LY,32.88,13.19,82.83,44,0,14.94,1593087885
83,yellowknife,CA,62.46,-114.35,53.01,100,75,5.82,1593088058
84,porkhov,RU,57.77,29.56,82.4,39,17,8.95,1593088059
85,bredasdorp,ZA,-34.53,20.04,73.4,40,0,2.24,1593088010
86,faanui,PF,-16.48,-151.75,79.18,80,9,7.92,1593088062
87,sudzha,RU,51.2,35.27,71.87,61,0,10.49,1593088063
88,kissidougou,GN,9.18,-10.1,78.48,77,75,3.94,1593088064
89,port elizabeth,ZA,-33.92,25.57,84.2,16,0,14.99,1593087995
90,atar,MR,20.52,-13.05,107.64,11,0,18.16,1593088066
91,vaini,TO,-21.2,-175.2,69.8,94,20,3.36,1593088067
92,helong,CN,42.54,129.0,59.65,88,92,2.95,1593088068
93,east london,ZA,-33.02,27.91,78.8,19,0,5.82,1593088069
94,cubuk,TR,40.24,33.03,77.0,41,40,9.17,1593088070
95,kruisfontein,ZA,-34.0,24.73,80.31,18,0,19.73,1593088071
96,hilo,US,19.73,-155.09,73.4,88,90,5.82,1593087830
97,morant bay,JM,17.88,-76.41,82.4,78,20,9.17,1593088073
98,sao filipe,CV,14.9,-24.5,76.8,78,17,5.88,1593088012
99,kosh-agach,RU,50.0,88.67,64.24,41,46,10.27,1593088075
100,tuktoyaktuk,CA,69.45,-133.04,36.32,79,90,11.7,1593088076
101,victoria,HK,22.29,114.16,87.01,76,90,4.0,1593087807
102,richards bay,ZA,-28.78,32.04,76.03,43,0,14.94,1593088079
103,kapaa,US,22.08,-159.32,73.4,94,75,6.93,1593088044
104,sulangan,PH,11.14,123.72,86.09,73,100,12.8,1593088081
105,tuatapere,NZ,-46.13,167.68,39.0,83,3,3.0,1593088082
106,tamandare,BR,-8.76,-35.1,79.23,73,77,12.71,1593088083
107,taywarah,AF,33.35,64.42,80.94,15,0,8.05,1593088084
108,lasa,IT,46.62,10.7,64.4,72,40,5.82,1593088085
109,lucea,JM,18.45,-78.17,84.2,74,20,11.41,1593088086
110,saskatoon,CA,52.12,-106.63,57.2,100,75,8.05,1593088087
111,princeton,US,25.54,-80.41,86.0,74,1,9.17,1593088089
112,thompson,CA,55.74,-97.86,62.6,63,75,3.36,1593088090
113,agadez,NE,19.75,10.25,108.27,7,0,13.53,1593088091
114,ancud,CL,-41.87,-73.82,39.0,100,40,2.24,1593088092
115,port keats,AU,-14.25,129.55,73.22,28,35,10.47,1593088093
116,vardo,NO,70.37,31.11,57.2,62,75,17.22,1593088022
117,lebu,CL,-37.62,-73.65,43.84,86,58,5.21,1593088095
118,port blair,IN,11.67,92.75,84.07,74,96,15.35,1593087853
119,camacha,PT,33.08,-16.33,71.6,73,40,16.11,1593088097
120,kavaratti,IN,10.57,72.64,83.43,77,72,19.98,1593088098
121,saint-philippe,RE,-21.36,55.77,77.0,65,56,27.51,1593088099
122,yulara,AU,-25.24,130.99,53.6,37,0,5.82,1593087999
123,dingle,PH,11.0,122.67,80.44,81,100,4.72,1593088102
124,sur,OM,22.57,59.53,91.35,59,25,11.27,1593088103
125,hobart,AU,-42.88,147.33,48.2,70,20,9.17,1593087900
126,iqaluit,CA,63.75,-68.51,42.8,87,75,2.24,1593088105
127,cairns,AU,-16.92,145.77,69.8,73,90,8.05,1593087930
128,hirado,JP,33.36,129.55,82.4,83,75,11.41,1593088107
129,new norfolk,AU,-42.78,147.06,48.0,81,46,5.01,1593088108
130,touros,BR,-5.2,-35.46,78.8,78,75,9.17,1593088109
131,sambava,MG,-14.27,50.17,77.22,72,65,14.88,1593088110
132,kirakira,SB,-10.45,161.92,78.89,83,35,7.4,1593088111
133,sioux lookout,CA,50.1,-91.92,59.0,82,20,3.94,1593088112
134,moerai,PF,-22.43,-151.33,73.54,85,4,13.13,1593088113
135,alice springs,AU,-23.7,133.88,51.8,40,14,6.93,1593087884
136,cancun,MX,21.17,-86.85,84.0,100,20,3.36,1593087846
137,labuhan,ID,-6.88,112.21,79.29,76,44,6.51,1593088117
138,zhangye,CN,38.93,100.45,85.41,13,83,12.19,1593088118
139,mantua,IT,45.17,10.78,82.0,54,75,6.93,1593088119
140,barrow,US,71.29,-156.79,39.2,78,90,14.99,1593087999
141,turukhansk,RU,65.82,87.98,70.39,39,37,5.03,1593088121
142,saint-pierre,RE,-21.34,55.48,77.0,65,22,27.51,1593088122
143,ballina,AU,-28.87,153.57,55.0,93,6,5.01,1593088123
144,leningradskiy,RU,69.38,178.42,32.11,97,100,3.74,1593088124
145,vicuna,CL,-30.03,-70.71,45.0,76,69,7.65,1593088125
146,dudinka,RU,69.41,86.18,69.8,40,74,13.42,1593088126
147,cotusca,RO,48.13,26.85,78.01,69,35,1.99,1593088127
148,praia,CV,14.92,-23.51,84.2,62,20,16.11,1593088129
149,lyaskelya,RU,61.77,31.02,83.37,34,9,7.16,1593088130
150,cherskiy,RU,68.75,161.3,65.32,45,85,8.39,1593088131
151,porto novo,BJ,6.5,2.6,84.2,79,40,14.99,1593088017
152,bitung,ID,1.45,125.18,77.0,94,40,3.36,1593088133
153,bengkulu,ID,-3.8,102.27,79.97,81,24,2.13,1593088004
154,saldanha,ZA,-33.01,17.94,60.8,82,77,17.22,1593088136
155,asyut,EG,27.18,31.18,93.2,24,2,17.22,1593088137
156,provideniya,RU,64.38,-173.3,41.52,66,73,1.66,1593088138
157,guerrero negro,MX,27.98,-114.06,61.02,93,0,6.64,1593088139
158,novhorodka,UA,48.37,32.66,82.4,39,75,11.18,1593088140
159,castro,BR,-24.79,-50.01,65.89,69,26,12.46,1593088141
160,dikson,RU,73.51,80.55,39.2,100,100,4.59,1593088142
161,ha tinh,VN,18.33,105.9,91.04,56,94,10.25,1593088143
162,gwadar,PK,25.12,62.33,89.06,73,43,15.84,1593088144
163,wanning,CN,18.8,110.4,83.48,88,100,10.58,1593088145
164,naryan-mar,RU,67.67,53.09,44.29,81,100,14.58,1593088147
165,souillac,MU,-20.52,57.52,75.2,64,40,14.99,1593088006
166,olafsvik,IS,64.89,-23.71,47.23,83,100,4.32,1593088149
167,carnarvon,AU,-24.87,113.63,62.6,88,0,5.82,1593088150
168,andros town,BS,24.7,-77.77,84.2,74,40,9.17,1593087908
169,mound,US,44.94,-93.67,64.0,78,14,1.01,1593088152
170,fallon,US,39.47,-118.78,66.0,59,90,3.36,1593088153
171,kodiak,US,57.79,-152.41,50.0,87,90,11.41,1593087994
172,snasa,NO,64.25,12.38,69.8,60,35,9.17,1593088155
173,teacapan,MX,22.55,-105.75,76.93,80,81,2.35,1593088157
174,pevek,RU,69.7,170.31,33.21,97,100,4.94,1593088158
175,saskylakh,RU,71.92,114.08,86.34,24,35,4.52,1593088004
176,salalah,OM,17.02,54.09,87.8,79,20,12.75,1593088003
177,kualakapuas,ID,-3.01,114.39,76.53,86,95,4.14,1593088161
178,mundo nuevo,MX,18.7,-95.5,78.31,86,100,6.13,1593088162
179,codrington,AU,-38.27,141.97,46.92,78,1,9.15,1593088163
180,gorontalo,ID,0.54,123.06,78.06,84,91,2.93,1593088123
181,saint anthony,US,45.02,-93.22,64.99,82,1,3.78,1593087910
182,yar-sale,RU,66.83,70.83,59.65,55,92,13.78,1593088010
183,ust-kuyga,RU,70.02,135.6,78.85,49,54,1.39,1593088167
184,manono,CD,-7.3,27.42,96.6,19,0,4.94,1593088168
185,mandalgovi,MN,45.76,106.27,68.27,42,80,13.89,1593088170
186,batagay-alyta,RU,67.8,130.41,76.3,36,63,1.5,1593088171
187,klaeng,TH,12.78,101.65,81.99,83,100,5.1,1593088172
188,akyab,MM,20.15,92.9,84.79,80,99,8.19,1593088173
189,pronsk,RU,54.1,39.61,66.04,69,68,7.58,1593088174
190,bulgan,MN,48.81,103.53,65.73,64,35,1.83,1593088176
191,mnogovershinnyy,RU,53.94,139.92,48.34,100,97,1.16,1593088177
192,longyearbyen,SJ,78.22,15.64,46.4,87,75,3.36,1593088020
193,seryshevo,RU,51.09,128.38,58.95,92,15,6.35,1593088179
194,abonnema,NG,4.71,6.79,85.17,71,90,11.34,1593088180
195,kismayo,SO,-0.36,42.55,82.47,68,31,20.62,1593088181
196,alihe,CN,50.57,123.72,58.87,73,93,2.86,1593088183
197,srednekolymsk,RU,67.45,153.68,74.95,35,25,11.32,1593088184
198,kearney,US,40.7,-99.08,62.6,88,1,10.29,1593088185
199,kudahuvadhoo,MV,2.67,72.89,83.8,79,95,13.13,1593088186
200,tromso,NO,69.65,18.96,55.4,76,75,19.46,1593088187
201,lagoa,PT,39.05,-27.98,64.54,81,29,16.37,1593088023
202,butaritari,KI,3.07,172.79,83.28,76,47,10.33,1593088189
203,aloleng,PH,16.13,119.78,85.21,75,92,4.99,1593088190
204,kuloy,RU,61.03,42.49,67.32,33,23,7.78,1593088191
205,matamoros,MX,25.53,-103.25,64.99,75,85,3.18,1593088192
206,port lincoln,AU,-34.73,135.87,55.76,78,15,7.85,1593087954
207,qasigiannguit,GL,68.82,-51.19,41.0,80,90,4.7,1593088194
208,hithadhoo,MV,-0.6,73.08,84.87,73,100,11.36,1593088195
209,sri aman,MY,1.24,111.46,82.0,94,99,3.15,1593088196
210,oriximina,BR,-1.77,-55.87,78.89,81,40,2.93,1593088080
211,axim,GH,4.87,-2.24,80.47,81,77,13.29,1593088198
212,corinto,GR,37.94,22.96,89.01,40,4,1.99,1593087965
213,presidente bernardes,BR,-22.01,-51.55,69.8,56,99,11.41,1593088201
214,muzhi,RU,65.37,64.67,55.35,65,100,12.41,1593088202
215,joao pinheiro,BR,-17.74,-46.17,69.6,61,0,9.15,1593088205
216,korla,CN,41.76,86.15,85.23,18,100,8.84,1593088207
217,abeche,TD,13.83,20.83,96.8,21,6,11.41,1593088209
218,manggar,ID,-2.88,108.27,81.18,80,100,11.59,1593088212
219,liaozhong,CN,41.51,122.72,69.8,100,75,4.47,1593088216
220,payakumbuh,ID,-0.22,100.63,71.82,86,98,2.75,1593088218
221,balkhash,KZ,46.84,74.98,80.6,26,92,13.42,1593088221
222,phan thiet,VN,10.93,108.1,80.35,83,100,8.86,1593088223
223,praia da vitoria,PT,38.73,-27.07,69.8,68,20,11.86,1593088224
224,vao,NC,-22.67,167.48,69.82,58,1,10.83,1593088226
225,poum,NC,-20.23,164.02,70.77,68,1,15.73,1593088227
226,hasaki,JP,35.73,140.83,66.2,100,75,3.36,1593088228
227,saurimo,AO,-9.66,20.39,82.4,26,52,8.05,1593088229
228,bethel,US,41.37,-73.41,69.8,64,20,2.68,1593088047
229,arlit,NE,18.74,7.39,111.78,6,0,9.55,1593088231
230,terrace,CA,54.52,-128.6,50.11,82,100,1.79,1593087939
231,kardla,EE,59.0,22.75,74.8,45,0,3.49,1593087972
232,bathsheba,BB,13.22,-59.52,84.2,79,40,20.8,1593088234
233,nouadhibou,MR,20.93,-17.03,84.2,45,0,21.92,1593088235
234,ixtapa,MX,20.7,-105.2,75.99,94,90,2.42,1593088236
235,derzhavinsk,KZ,51.1,66.32,68.81,55,100,16.78,1593088238
236,esperance,AU,-33.87,121.9,53.6,50,40,10.29,1593088239
237,puerto suarez,BO,-18.95,-57.8,77.0,61,98,3.36,1593088240
238,tupik,RU,54.43,119.93,59.38,65,96,4.29,1593088241
239,torbay,CA,47.67,-52.73,70.0,94,90,9.17,1593088242
240,tokur,RU,53.13,132.9,47.71,90,0,2.35,1593088243
241,sorland,NO,67.67,12.69,57.2,71,75,19.46,1593088024
242,sinnamary,GF,5.38,-52.95,80.96,83,100,3.09,1593088245
243,kahului,US,20.89,-156.47,75.2,78,90,8.05,1593088214
244,pangkalanbuun,ID,-2.68,111.62,74.77,92,98,3.53,1593088247
245,starodub,RU,52.58,32.76,75.02,58,0,5.88,1593088249
246,bang saphan,TH,11.21,99.51,87.8,74,20,4.7,1593088250
247,bom jesus,BR,-9.07,-44.36,81.73,53,1,8.5,1593088251
248,tura,IN,25.52,90.22,75.52,97,100,4.05,1593088252
249,victor harbor,AU,-35.57,138.62,51.01,92,9,3.91,1593088253
250,mogadishu,SO,2.04,45.34,84.2,66,40,16.11,1593088255
251,oktyabrskiy,RU,54.48,53.47,53.6,70,91,14.09,1593088256
252,viedma,AR,-40.81,-63.0,40.96,67,0,7.2,1593088257
253,mathathane,BW,-22.27,28.75,72.43,38,13,9.24,1593088258
254,dzilam gonzalez,MX,21.28,-88.93,79.0,99,77,6.67,1593088259
255,rocha,UY,-34.48,-54.33,49.68,85,94,17.47,1593088260
256,constitucion,CL,-35.33,-72.42,47.39,84,46,5.17,1593088261
257,kainantu,PG,-6.29,145.87,57.81,91,87,2.04,1593088262
258,bilibino,RU,68.05,166.44,54.28,55,100,4.25,1593088264
259,bursa,TR,40.17,29.08,80.6,54,75,9.17,1593088266
260,kungurtug,RU,50.6,97.52,63.37,56,95,4.38,1593088267
261,ulaangom,MN,49.98,92.07,76.44,36,27,2.44,1593088268
262,chenghai,CN,23.46,116.77,87.8,62,20,11.18,1593088269
263,anadyr,RU,64.75,177.48,44.6,81,75,8.95,1593088270
264,geraldton,AU,-28.77,114.6,57.2,76,0,5.82,1593088271
265,maler kotla,IN,30.52,75.88,89.6,66,40,2.24,1593088272
266,georgetown,MY,5.41,100.34,84.2,83,20,6.93,1593088273
267,havoysund,NO,71.0,24.66,55.4,82,75,21.92,1593088274
268,grand gaube,MU,-20.01,57.66,75.0,69,15,10.0,1593088004
269,rosamorada,MX,22.12,-105.21,78.24,74,77,1.74,1593088277
270,lompoc,US,34.64,-120.46,57.2,93,90,1.5,1593088049
271,tete,MZ,-16.16,33.59,77.0,57,75,8.05,1593088279
272,inuvik,CA,68.35,-133.72,48.2,61,75,9.17,1593088280
273,flin flon,CA,54.77,-101.86,59.0,93,75,2.24,1593088269
274,barth,DE,54.36,12.72,78.8,57,20,14.99,1593088282
275,kavieng,PG,-2.57,150.8,84.25,71,98,11.5,1593088283
276,along,IN,28.17,94.77,73.81,90,100,1.88,1593088284
277,airai,TL,-8.93,125.41,57.15,100,33,3.33,1593088285
278,gornyy,RU,55.12,83.91,68.41,76,0,6.24,1593088287
279,akdepe,TM,42.06,59.38,98.6,10,0,9.17,1593088288
280,mount isa,AU,-20.73,139.5,57.2,28,0,8.05,1593088289
281,abu samrah,SY,35.3,37.18,95.09,20,0,12.19,1593088005
282,launceston,AU,-41.45,147.17,46.0,93,0,10.29,1593088291
283,samarai,PG,-10.62,150.67,78.84,83,84,18.95,1593088292
284,harper,LR,4.38,-7.72,80.19,77,38,10.69,1593088293
285,khandyga,RU,62.67,135.6,62.74,69,11,2.75,1593088294
286,sao felix do xingu,BR,-6.64,-51.99,83.93,59,0,3.18,1593088295
287,butembo,CD,0.15,29.28,74.95,55,8,3.0,1593088009
288,cabo san lucas,MX,22.89,-109.91,80.01,46,0,1.99,1593088039
289,xichang,CN,27.9,102.26,73.18,63,100,4.88,1593088299
290,jimo,CN,36.39,120.46,77.0,78,0,8.95,1593088300
291,okhotsk,RU,59.38,143.3,44.38,93,20,5.99,1593088301
292,qesarya,IL,32.52,34.9,80.6,61,40,9.17,1593088302
293,ati,TD,13.22,18.34,101.1,25,67,5.5,1593088303
294,jijiga,ET,9.35,42.8,74.26,58,0,18.92,1593088304
295,hamilton,US,39.18,-84.53,70.0,93,20,5.03,1593088226
296,goderich,CA,43.75,-81.72,62.01,74,100,8.01,1593088306
297,port macquarie,AU,-31.43,152.92,48.99,96,0,8.7,1593088307
298,minab,IR,27.15,57.08,80.6,15,0,2.24,1593088308
299,kawalu,ID,-7.38,108.21,72.77,91,90,2.8,1593088310
300,eyl,SO,7.98,49.82,95.07,37,45,25.41,1593088311
301,mercedes,AR,-34.65,-59.43,43.0,90,0,4.0,1593088312
302,sibolga,ID,1.74,98.78,77.81,81,19,3.62,1593088313
303,mar del plata,AR,-38.0,-57.56,48.0,87,40,9.17,1593088266
304,kaliua,TZ,-5.06,31.79,87.67,27,0,7.36,1593088315
305,mpika,ZM,-11.83,31.45,72.88,45,22,7.74,1593088317
306,welzheim,DE,48.88,9.63,79.0,51,24,3.89,1593088318
307,belyy yar,RU,53.6,91.39,69.8,73,40,2.24,1593088319
308,umm lajj,SA,25.02,37.27,86.61,57,0,10.36,1593088320
309,harbour breton,CA,47.48,-55.8,58.64,96,98,9.01,1593088321
310,norman wells,CA,65.28,-126.83,50.0,93,90,1.28,1593088322
311,huarmey,PE,-10.07,-78.15,62.92,79,99,6.42,1593088324
312,lavrentiya,RU,65.58,-171.0,36.36,83,82,5.03,1593088325
313,antsohihy,MG,-14.88,47.99,87.15,42,18,12.06,1593088326
314,saint-augustin,CA,51.23,-58.65,60.91,85,99,9.37,1593088327
315,ayan,RU,56.45,138.17,43.45,98,97,0.83,1593088326
316,ambon,ID,-3.7,128.18,81.0,13,100,17.65,1593088324
317,bambous virieux,MU,-20.34,57.76,75.2,64,40,14.99,1593088330
318,caravelas,BR,-17.71,-39.25,79.25,61,0,5.82,1593088332
319,bangangte,CM,5.14,10.52,73.83,80,85,2.98,1593088333
320,itarema,BR,-2.92,-39.92,80.92,65,11,14.0,1593088334
321,barao de melgaco,BR,-16.19,-55.97,78.8,57,14,6.93,1593088335
322,yuli,NG,9.7,10.27,97.05,40,19,8.59,1593088336
323,tecoanapa,MX,16.52,-98.75,76.03,84,100,6.78,1593088337
324,kilrush,IE,52.64,-9.48,68.0,77,75,9.17,1593088339
325,jerez,GT,14.1,-89.75,68.77,94,67,3.74,1593088340
326,bolgatanga,GH,10.79,-0.85,98.31,35,47,6.46,1593088341
327,pundaguitan,PH,6.37,126.17,82.53,74,100,1.12,1593088342
328,barreirinha,BR,-2.79,-57.07,82.98,70,91,3.78,1593088343
329,bayir,TR,37.27,28.22,91.4,31,20,17.22,1593088344
330,ouesso,CG,1.61,16.05,90.3,50,100,4.47,1593088345
331,yumen,CN,40.28,97.2,81.79,14,96,9.98,1593088347
332,hualmay,PE,-11.1,-77.61,62.29,81,95,5.08,1593088348
333,lorengau,PG,-2.02,147.27,83.5,75,100,13.87,1593088349
334,noumea,NC,-22.28,166.46,69.01,82,1,2.24,1593088350
335,valentin gomez farias,MX,28.22,-106.58,69.01,58,30,2.26,1593088352
336,kastamonu,TR,41.5,33.67,73.4,56,40,4.7,1593088353
337,mariano roque alonso,PY,-25.17,-57.55,62.6,82,90,16.11,1593088354
338,hofn,IS,64.25,-15.21,51.8,93,75,12.75,1593088355
339,gamboula,CF,4.12,15.14,81.66,75,6,2.75,1593088356
340,vanimo,PG,-2.67,141.3,80.67,84,100,8.66,1593088357
341,nanortalik,GL,60.14,-45.24,41.45,85,100,10.09,1593088358
342,marquette,US,46.53,-87.63,61.0,76,5,4.7,1593088359
343,perevolotskiy,RU,51.88,54.19,61.72,52,55,15.79,1593088360
344,xining,CN,36.62,101.77,59.67,55,100,1.25,1593088361
345,kaitangata,NZ,-46.28,169.85,46.99,79,18,11.01,1593088362
346,livadia,GR,38.44,22.87,87.01,42,23,8.01,1593088363
347,san,ML,13.3,-4.9,100.65,27,38,3.53,1593088202
348,mapiripan,CO,2.89,-72.13,77.2,86,95,5.53,1593088366
349,fort nelson,CA,58.81,-122.7,54.25,49,46,6.13,1593088367
350,tasiilaq,GL,65.61,-37.64,41.0,86,75,5.82,1593088368
351,ulladulla,AU,-35.35,150.47,53.6,62,40,11.41,1593088369
352,lowestoft,GB,52.48,1.75,77.0,69,0,8.99,1593088370
353,kattivakkam,IN,13.22,80.32,86.0,79,40,12.75,1593088371
354,mont-dore,NC,-22.28,166.58,69.01,99,0,4.43,1593088373
355,tucumcari,US,35.17,-103.72,73.4,38,1,17.22,1593088374
356,luena,AO,-11.78,19.92,73.4,49,84,5.82,1593088375
357,sciacca,IT,37.51,13.09,82.99,41,0,7.0,1593088376
358,luderitz,NA,-26.65,15.16,68.0,60,0,10.29,1593088377
359,boa vista,BR,2.82,-60.67,77.0,88,40,3.36,1593088113
360,bar,UA,49.08,27.68,74.07,65,100,9.95,1593088379
361,half moon bay,US,37.46,-122.43,60.8,100,90,3.36,1593088380
362,berdyaush,RU,55.16,59.15,53.17,55,72,11.88,1593088382
363,tsiroanomandidy,MG,-18.77,46.03,78.55,43,92,1.9,1593088383
364,los lunas,US,34.81,-106.73,68.0,42,1,9.17,1593088384
365,opuwo,NA,-18.06,13.84,76.84,18,0,4.41,1593088386
366,fukue,JP,32.69,128.84,76.1,93,100,4.65,1593088387
367,baherden,TM,38.44,57.43,104.16,8,0,7.9,1593088388
368,yenagoa,NG,4.92,6.26,83.44,79,71,7.65,1593088389
369,lermontovka,RU,47.15,134.34,58.26,94,88,3.18,1593088390
370,evensk,RU,61.95,159.23,46.96,93,14,6.98,1593088391
371,narsaq,GL,60.92,-46.05,44.6,75,75,1.12,1593088392
372,tacuarembo,UY,-31.73,-55.98,49.93,87,100,20.38,1593088132
373,severnyy,RU,50.68,36.55,75.2,33,0,15.66,1593088394
374,buraydah,SA,26.33,43.98,100.4,14,0,5.82,1593088395
375,sao joao da barra,BR,-21.64,-41.05,73.4,64,0,4.7,1593088396
376,katsuura,JP,35.13,140.3,75.2,94,75,9.17,1593088397
377,port moresby,PG,-9.44,147.18,80.6,88,40,17.22,1593088398
378,marystown,CA,47.17,-55.15,64.13,86,78,8.52,1593088399
379,tutoia,BR,-2.76,-42.27,81.7,74,3,8.3,1593088400
380,ponta delgada,PT,37.73,-25.67,66.2,72,20,16.11,1593088161
381,nsanje,MW,-16.92,35.26,79.99,45,56,6.67,1593088403
382,ponta do sol,PT,32.67,-17.1,70.0,77,40,17.22,1593088404
383,canto do buriti,BR,-8.11,-42.94,79.45,62,90,10.29,1593088405
384,tonantins,BR,-2.87,-67.8,78.3,89,40,1.05,1593088406
385,pisco,PE,-13.7,-76.22,59.0,87,90,1.12,1593088407
386,havre-saint-pierre,CA,50.23,-63.6,62.6,88,90,3.36,1593088408
387,jamuria,IN,23.7,87.08,87.91,67,100,7.4,1593088409
388,sidi bin nur,TN,35.53,10.92,95.0,26,0,18.34,1593088410
389,yarmouth,US,41.71,-70.23,78.8,54,1,3.04,1593088411
390,gonc,HU,48.47,21.28,78.8,54,75,5.82,1593088412
391,qaqortoq,GL,60.72,-46.03,44.6,75,75,1.12,1593088413
392,kalmunai,LK,7.42,81.82,82.09,74,100,5.68,1593088414
393,severo-kurilsk,RU,50.68,156.12,47.41,75,0,11.12,1593088415
394,batemans bay,AU,-35.72,150.18,45.0,100,0,4.9,1593088416
395,kizukuri,JP,40.81,140.39,64.99,93,75,2.24,1593088417
396,dalby,AU,-27.18,151.27,43.0,84,34,6.42,1593088418
397,governador valadares,BR,-18.85,-41.95,74.03,56,0,0.4,1593088420
398,west wendover,US,40.74,-114.07,73.4,35,1,12.75,1593088421
399,namibe,AO,-15.2,12.15,71.6,73,20,12.75,1593088422
400,nakusp,CA,50.25,-117.8,57.31,75,4,0.11,1593088423
401,yarada,IN,17.65,83.27,89.6,70,20,9.17,1593088424
402,constantine,DZ,36.37,6.61,96.8,19,20,14.99,1593088425
403,yigou,CN,35.81,114.32,88.0,49,0,10.04,1593088426
404,miraflores,MX,19.22,-98.81,59.0,82,90,3.8,1593088427
405,itoman,JP,26.12,127.67,80.6,88,75,12.75,1593088428
406,perth,AU,-31.93,115.83,60.01,76,1,1.36,1593088217
407,dombarovskiy,RU,50.76,59.54,62.73,69,58,9.42,1593088430
408,santiago,CL,-33.46,-70.65,32.0,47,33,2.24,1593088431
409,iranshahr,IR,27.2,60.68,114.8,8,20,16.11,1593088432
410,tayu,ID,-6.54,111.05,78.78,83,99,6.22,1593088433
411,parana,AR,-31.73,-60.52,50.0,76,0,1.99,1593088434
412,pudozh,RU,61.81,36.53,70.57,57,75,5.82,1593088435
413,comodoro rivadavia,AR,-45.87,-67.5,32.0,74,40,5.82,1593088436
414,marzuq,YE,14.4,46.47,95.59,9,67,11.45,1593088437
415,fuerte olimpo,PY,-21.04,-57.87,77.11,62,100,6.69,1593088438
416,statesboro,US,32.45,-81.78,77.0,83,1,6.93,1593088348
417,stokmarknes,NO,68.56,14.91,57.2,82,75,14.99,1593088441
418,ahipara,NZ,-35.17,173.17,57.16,88,100,9.28,1593088442
419,yefremov,RU,53.15,38.1,70.38,65,64,8.75,1593088443
420,henties bay,NA,-22.12,14.28,66.79,53,0,11.97,1593088444
421,pucallpa,PE,-8.38,-74.55,77.0,88,20,2.24,1593088445
422,avera,US,33.19,-82.53,73.4,86,90,11.41,1593088446
423,pandan,PH,14.05,124.17,82.56,83,100,8.79,1593088447
424,los llanos de aridane,ES,28.66,-17.92,77.0,57,20,13.87,1593088448
425,mago,RU,53.25,140.18,50.74,95,100,4.63,1593088449
426,cantagallo,CO,7.38,-73.92,81.16,78,72,1.21,1593088450
427,barcelona,ES,41.39,2.16,84.99,69,25,9.17,1593088380
428,rawlins,US,41.79,-107.24,60.8,41,1,10.29,1593088452
429,dabat,ET,12.98,37.77,62.37,72,88,8.21,1593088453
430,komsomolskiy,UZ,40.43,71.72,93.2,13,0,6.93,1593088454
431,fort morgan,US,40.25,-103.8,59.0,62,1,6.93,1593088455
432,balsas,BR,-7.53,-46.04,83.73,50,0,10.16,1593088457
433,baoshan,CN,46.56,131.42,58.68,93,59,5.28,1593088458
434,walvis bay,NA,-22.96,14.51,69.8,49,0,10.29,1593088459
435,gijon,ES,43.54,-5.66,66.99,79,43,5.01,1593088360
436,mexico,PH,15.06,120.72,77.0,88,75,4.7,1593088251
437,wuwei,CN,37.93,102.64,77.0,28,100,1.99,1593088462
438,san patricio,MX,19.22,-104.7,78.46,76,26,3.58,1593088463
439,carballo,ES,43.21,-8.69,64.99,79,14,1.99,1593088464
440,lagunas,PE,-5.23,-75.68,76.28,81,1,2.91,1593088465
441,santarem,BR,-2.44,-54.71,80.6,88,75,10.29,1593088466
442,grindavik,IS,63.84,-22.43,46.4,100,90,9.17,1593088467
443,ust-ilimsk,RU,58.0,102.66,73.02,47,91,2.13,1593088468
444,brodnica,PL,53.26,19.4,82.0,52,99,3.0,1593088469
445,arraial do cabo,BR,-22.97,-42.03,73.4,64,14,10.29,1593088470
446,den helder,NL,52.96,4.76,82.0,50,0,13.87,1593088284
447,margate,GB,51.38,1.39,82.99,49,0,3.0,1593088438
448,sault sainte marie,CA,46.52,-84.33,57.2,82,1,4.7,1593088473
449,sept-iles,CA,50.2,-66.38,63.0,87,75,6.93,1593088327
450,tilichiki,RU,60.47,166.1,48.96,78,55,3.33,1593088476
451,rio gallegos,AR,-51.62,-69.22,32.0,96,40,9.17,1593088477
452,jaisalmer,IN,26.91,70.92,107.06,25,51,16.75,1593088478
453,zayukovo,RU,43.62,43.33,68.0,72,75,8.95,1593088479
454,camana,PE,-16.62,-72.71,63.45,72,32,8.32,1593088480
455,lazaro cardenas,MX,17.96,-102.2,77.04,85,100,1.83,1593088481
456,beberibe,BR,-4.18,-38.13,82.4,61,75,13.87,1593088357
457,ondangwa,NA,-17.92,15.95,82.4,17,0,5.82,1593088483
458,slave lake,CA,55.28,-114.77,50.0,87,40,7.4,1593088279
459,mahajanga,MG,-15.72,46.32,91.4,36,0,10.29,1593088485
460,pemba,MZ,-12.97,40.52,82.4,58,20,18.34,1593088486
461,roma,US,43.21,-75.46,63.0,67,1,6.93,1593088366
462,florence,IT,43.77,11.25,88.0,31,0,8.05,1593088393
463,susanville,US,40.42,-120.65,55.99,58,1,3.36,1593088489
464,strezhevoy,RU,60.73,77.59,62.6,72,40,4.47,1593088490
465,port hedland,AU,-20.32,118.57,64.4,68,0,3.36,1593088386
466,dubbo,AU,-32.25,148.62,50.0,76,90,6.93,1593088493
467,nelson bay,AU,-32.72,152.15,53.6,71,90,9.17,1593088494
468,coronado,US,32.69,-117.18,64.99,82,90,5.82,1593088495
469,yeniseysk,RU,58.45,92.17,72.95,64,39,4.76,1593088496
470,ilinskiy,RU,55.62,38.12,80.6,44,100,13.42,1593088497
471,tyret pervaya,RU,53.67,102.31,70.75,58,2,4.32,1593088498
472,oranjemund,NA,-28.55,16.43,62.8,66,0,9.91,1593088499
473,marechal deodoro,BR,-9.71,-35.9,78.8,88,75,5.82,1593088500
474,singkang,MY,2.1,102.8,84.2,79,20,2.24,1593088501
475,waingapu,ID,-9.66,120.26,75.79,84,59,10.42,1593088502
476,port-cartier,CA,50.03,-66.87,63.0,87,75,6.93,1593088503
477,wangkui,CN,46.83,126.5,60.48,87,99,4.65,1593088504
478,santona,ES,43.44,-3.46,68.0,88,90,14.99,1593088505
479,khash,IR,28.22,61.22,97.43,8,0,18.3,1593088506
480,aktau,KZ,43.65,51.2,78.8,69,75,22.37,1593088506
481,luwuk,ID,-0.95,122.79,77.5,79,100,4.68,1593088508
482,komsomolskoye,RU,55.26,47.55,61.16,62,71,12.82,1593088509
483,kushiro,JP,42.98,144.37,51.8,100,75,3.36,1593088510
484,krasnoselkup,RU,65.7,82.47,68.27,39,100,4.14,1593088511
485,val-david,CA,46.03,-74.22,64.99,68,75,11.41,1593088512
486,mahina,PF,-17.51,-149.49,77.0,88,75,4.7,1593088513
487,aksay,RU,47.26,39.87,84.2,32,20,13.42,1593088515
488,yining,CN,29.04,114.56,75.92,91,18,2.19,1593088516
489,zaoyang,CN,32.13,112.75,79.92,77,0,7.29,1593088517
490,dwarka,IN,22.24,68.97,87.93,73,97,12.24,1593088518
491,trincomalee,LK,8.57,81.23,81.5,81,96,11.01,1593088519
492,chilca,PE,-12.52,-76.74,59.0,93,90,3.36,1593088520
493,ust-nera,RU,64.57,143.2,63.73,49,100,2.68,1593088521
494,udachnyy,RU,66.42,112.4,77.0,29,20,6.71,1593088522
495,baoying,CN,33.23,119.31,77.36,67,0,4.29,1593088523
496,shimanovsk,RU,52.0,127.7,58.05,89,0,5.48,1593088524
497,ginir,ET,7.13,40.7,71.92,64,4,9.13,1593088525
498,tadine,NC,-21.55,167.88,68.27,71,0,9.91,1593088526
499,cotonou,BJ,6.37,2.42,84.2,79,40,14.99,1593088527
500,noyabrsk,RU,63.2,75.45,55.02,89,100,10.13,1593088325
501,iracoubo,GF,5.48,-53.2,81.1,83,100,2.77,1593088529
502,maragogi,BR,-9.01,-35.22,79.66,73,52,12.71,1593088530
503,laguna,US,38.42,-121.42,64.99,77,1,5.82,1593088531
504,boffa,GN,10.17,-14.03,84.15,74,98,6.13,1593088532
505,kropotkin,RU,45.44,40.58,75.49,64,27,10.56,1593088533
506,sarangpur,IN,23.57,76.47,81.27,82,100,13.09,1593088377
507,tahoua,NE,14.89,5.27,100.4,29,21,11.41,1593088536
508,kloulklubed,PW,7.04,134.26,78.8,94,90,4.7,1593088537
509,gamba,GA,-2.65,10.0,77.86,68,98,9.78,1593088538
510,husavik,IS,66.04,-17.34,64.4,48,20,10.29,1593088539
511,lokosovo,RU,61.13,74.82,61.2,77,74,8.43,1593088540
512,simbahan,PH,6.3,120.58,83.53,69,100,4.05,1593088541
513,fortuna,US,40.6,-124.16,55.99,100,90,5.21,1593088542
514,nakhon si thammarat,TH,8.43,99.97,80.6,88,75,10.29,1593088543
515,rio claro,BR,-22.41,-47.56,55.4,93,100,11.54,1593088544
516,portland,US,45.52,-122.68,60.8,77,90,5.82,1593088360
517,fasa,IR,28.94,53.65,105.8,6,57,9.17,1593088546
518,namatanai,PG,-3.67,152.43,81.39,73,100,9.17,1593088547
519,qui nhon,VN,13.77,109.23,82.58,85,100,14.52,1593088548
520,sarkikaraagac,TR,38.08,31.37,78.21,34,20,3.51,1593088549
521,taoudenni,ML,22.68,-3.98,114.17,5,0,6.76,1593088550
522,nizhniy tsasuchey,RU,50.52,115.13,63.45,51,0,3.67,1593088551
523,sal rei,CV,16.18,-22.92,80.6,61,20,16.11,1593088552
524,jiangyou,CN,31.77,104.72,82.47,61,92,6.04,1593088553
525,kodinsk,RU,58.69,99.18,69.78,73,6,3.2,1593088325
526,jibuti,DJ,11.5,42.5,96.8,50,1,10.29,1593088555
527,asau,RO,46.43,26.4,70.0,80,91,6.13,1593088556
528,plettenberg bay,ZA,-34.05,23.37,77.18,29,0,7.83,1593088487
529,terrace bay,CA,48.78,-87.1,57.2,71,5,3.36,1593088559
530,muyezerskiy,RU,63.93,31.65,77.16,39,100,4.99,1593088560
531,krasnyy chikoy,RU,50.36,108.75,60.82,76,35,0.4,1593088561
532,guarapari,BR,-20.67,-40.5,75.99,66,0,8.88,1593088394
533,hami,CN,42.8,93.45,91.72,14,100,4.29,1593088563
534,rome,US,34.26,-85.16,72.0,94,90,4.7,1593088362
535,oxford,GB,51.75,-1.26,87.01,37,24,10.29,1593088445
536,visnes,NO,59.36,5.22,73.0,46,0,9.17,1593088566
537,luwingu,ZM,-10.26,29.93,82.42,26,1,2.91,1593088567
538,nam som,TH,17.77,102.19,90.0,84,40,2.24,1593088568
539,nome,US,64.5,-165.41,37.4,74,1,9.17,1593088569
540,naze,JP,28.37,129.48,80.6,88,65,9.17,1593088570
541,svetlaya,RU,46.54,138.33,52.72,94,100,6.87,1593088571
542,beyneu,KZ,45.32,55.2,97.14,12,100,21.85,1593088572
543,general roca,AR,-39.03,-67.58,26.6,92,0,5.82,1593088573
544,sitka,US,57.05,-135.33,48.2,87,90,6.93,1593088574
545,college,US,64.86,-147.8,46.99,93,75,2.64,1593088575
546,bambanglipuro,ID,-7.95,110.28,76.23,81,32,11.01,1593088576
547,kieta,PG,-6.22,155.63,79.99,75,90,6.53,1593088577
548,forbes,AU,-33.38,148.02,45.0,88,0,5.86,1593088579
549,markova,UA,48.68,24.41,75.2,64,75,11.18,1593088580
550,hirara,JP,24.8,125.28,82.4,88,75,6.93,1593088581
551,adrar,MR,20.5,-10.07,110.35,5,0,16.75,1593088582
552,kalat,PK,29.02,66.59,84.96,13,0,16.42,1593088583
553,bereznik,RU,62.86,42.71,63.12,45,70,10.6,1593088584
554,guadix,ES,37.3,-3.14,89.01,16,0,7.0,1593088585
555,arica,CL,-18.48,-70.3,61.23,75,14,2.19,1593088320
556,zheleznodorozhnyy,RU,55.75,38.0,80.6,44,100,13.42,1593088587
557,oga,IT,46.46,10.35,66.2,59,75,20.8,1593088588
558,jinxi,CN,30.43,116.29,75.61,91,18,1.41,1593088589
559,severo-yeniseyskiy,RU,60.37,93.04,71.26,54,42,5.12,1593088590
560,finnsnes,NO,69.23,17.98,66.2,42,20,11.41,1593088591
561,qianan,CN,44.99,124.06,62.76,73,100,7.43,1593088592
562,vydrino,RU,51.48,104.85,59.32,64,2,2.33,1593088593
563,kurdzhinovo,RU,43.99,40.96,64.78,89,100,3.13,1593088594
564,nechi,CO,8.09,-74.78,78.96,94,79,1.83,1593088595
565,aguimes,ES,27.91,-15.45,78.8,57,40,27.51,1593088596
566,tirlyanskiy,RU,54.21,58.58,52.84,54,91,10.36,1593088597
567,lerici,IT,44.08,9.91,78.8,57,0,8.05,1593088599
568,manaure,CO,11.78,-72.44,83.41,66,0,21.45,1593088600
569,springbok,ZA,-29.66,17.89,67.86,25,0,13.29,1593088601
570,ohara,JP,35.25,140.38,75.2,94,75,3.36,1593088602
571,tigil,RU,57.8,158.67,40.5,94,55,5.21,1593088603
572,kangaatsiaq,GL,68.31,-53.46,37.42,86,91,5.86,1593088604
573,udgir,IN,18.38,77.12,88.68,55,99,2.84,1593088605
574,broken hill,AU,-31.95,141.43,46.4,54,0,5.12,1593088606
575,nantucket,US,41.28,-70.1,75.2,69,1,4.7,1593088607
576,praya,CV,14.92,-23.51,84.2,62,20,16.11,1593088333
577,doha,QA,25.29,51.53,104.0,27,0,13.87,1593088514
578,bria,CF,6.54,21.99,78.37,73,69,7.09,1593088610
579,ugoofaaru,MV,5.67,73.0,81.36,81,99,24.74,1593088611
580,ust-kut,RU,56.79,105.77,69.66,55,75,1.21,1593088325
581,manati,PR,18.43,-66.49,82.99,74,40,10.29,1593088613
582,tual,ID,-5.67,132.75,80.26,80,100,21.03,1593088614
583,girvan,GB,55.24,-4.86,84.2,42,20,12.75,1593088616
584,khawhai,IN,23.37,93.12,64.78,100,100,1.66,1593088617
585,kisangani,CD,0.52,25.2,85.98,56,100,3.91,1593088618
586,nemuro,JP,43.32,145.57,51.3,96,100,8.16,1593088619
